Course ID,Course Name
4.175,Case Studies in City Form
4.241,Theory of City Form
4.42,Fundamentals of Energy in Buildings
4.163,Urban Design Studio: Providence
MAS.110,Fundamentals of Computational Media Design
MAS.111,Introduction to Doing Research in Media Arts and iences
MAS.131,Computational Camera and Photography
MAS.160,"Signals, Systems and Information for Media Technology"
MAS.330,"Design Across ales, Diiplines and Problem Contexts"
MAS.450,Holographic Imaging
MAS.965,NextLab I: Designing Mobile Technologies for the Next Billion Users
MAS.478,Special Topics in Multimedia Production: Experiences in Interactive Art
MAS.510,"Signals, Systems and Information for Media Technology"
MAS.511,"Signals, Systems and Information for Media Technology"
MAS.531,Computational Camera and Photography
MAS.622,Pattern Recognition and Analysis
MAS.630,Affective Computing
MAS.632,Conversational Computer Systems
MAS.666,Developmental Entrepreneurship
MAS.712,How to Learn (Almost) Anything
MAS.714,Technologies for Creative Learning
MAS.742,Industrial Design Intelligence: A Cognitive Approach to Engineering
MAS.771,Autism Theory and Technology
MAS.836,Sensor Technologies for Interactive Environments
MAS.845,Special Topics in Cinematic Storytelling
MAS.857,Optical Engineering
MAS.863,How to Make (Almost) Anything
MAS.865,Quantum Information ience
MAS.878,Special Topics in Multimedia Production: Experiences in Interactive Art
MAS.961,"Networks, Complexity and Its Applications"
MAS.961,Special Topics: Designing Sociable Media
MAS.961,Ambient Intelligence
MAS.961,Seminar on Deep Engagement
MAS.961,Numeric Photography
MAS.962,Special Topics: New Textiles
MAS.962,Common Sense Reasoning for Interactive Applications
MAS.962,The Nature of Constructionist Learning
MAS.962,Special Topics in Media Technology: Computational Semantics
MAS.962,Digital Typography
MAS.963,Technological Tools for hool Reform
MAS.963,Techno-identity: Who we are and how we perceive ourselves and others
MAS.963,"Out of Context: A Course on Computer Systems That Adapt To, and Learn From, Context"
MAS.964,Common Sense Reasoning for Interactive Applications
MAS.965,Relational Machines
MAS.965,Social Visualization
MAS.965,Special Topics in Media Technology: Cooperative Machines
MAS.966,Digital Anthropology
MAS.S63,Engineering Health: Towards the Tricorder
MAS.S66,"Indistinguishable From... Magic as Interface, Technology, and Tradition"
11.001,Introduction to Urban Design and Development
11.002,Making Public Policy
11.005,Introduction to International Development
11.007,Resolving Public Disputes
11.011,The Art and ience of Negotiation
11.013,American Urban History I
11.014,American Urban History II
11.016,The Once and Future City
11.025,D-Lab I: Development
11.123,Big Plans and Mega-Urban Landapes
11.124,Introduction to Education: Looking Forward and Looking Back on Education
11.126,Economics of Education
11.128,Information Technology and the Labor Market
11.139,The City in Film
11.165,Infrastructure and Energy Technology Challenges
11.201,Gateway to the Profession of Planning
11.202,Planning Economics
11.203,Microeconomics
11.22,Quantitative Reasoning & Statistical Methods for Planners I
11.301,Introduction to Urban Design and Development
11.302,Urban Design Politics
11.304,Site and Infrastructure Systems Planning
11.307,Beiing Urban Design Studio
11.328,"Urban Design Skills: Observing, Interpreting, and Representing the City"
11.33,Theory of City Form
11.364,International Environmental Negotiation
11.366,Planning for Sustainable Development
11.401,"Introduction to Housing, Community, and Economic Development"
11.431,Real Estate Finance and Investment
11.433,Real Estate Economics
11.479,Water and Sanitation Infrastructure in Developing Countries
11.481,Analyzing and Accounting for Regional Economic Growth
11.483,Housing and Land Use in Rapidly Urbanizing Regions
11.52,A Workshop on Geographic Information Systems
11.521,Spatial Database Management and Advanced Geographic Information Systems
11.54,Urban Transportation Planning
11.545,Transportation Systems Analysis: Demand and Economics
11.941,Urban Climate Adaptation
11.S945,Urbanizing China: A Reflective Dialogue
16,Introduction to Aerospace Engineering and Design
16.00A,"Exploring Sea, Space, & Earth: Fundamentals of Engineering Design"
16.01-16.04,"Unified Engineering I, II, III, & IV"
16.05,Thermal Energy
16.06,Principles of Automatic Control
16.07,Dynamics
16.1,Aerodynamics
16.2,Structural Mechanics
16.3,Feedback Control Systems
16.5,Introduction to Propulsion Systems
16.66,Introduction to Lean Six Sigma Methods
16.83X,Space Systems Engineering
16.901,Computational Methods in Aerospace Engineering
16.12,Compressible Flow
16.225,Computational Mechanics of Materials
16.323,Principles of Optimal Control
16.333,Aircraft Stability and Control
16.346,Astrodynamics
16.412,Cognitive Robotics
16.423,Aerospace Biomedical and Life Support Engineering
16.512,Rocket Propulsion
16.522,Space Propulsion
16.72,Air Traffic Control
16.75,Airline Management
16.842,Fundamentals of Systems Engineering
16.851,Satellite Engineering
16.852,Integrating the Lean Enterprise
16.885,Aircraft Systems Engineering
16.891,Space Policy Seminar
20.01,Introduction to Bioengineering (BE.010)
20.02,Introduction to Biological Engineering Design
20.109,Laboratory Fundamentals in Biological Engineering
20.11,Thermodynamics of Biomolecular Systems
20.309,Biological Engineering II: Instrumentation and Measurement
20.32,Analysis of Biomolecular and Cellular Systems
20.33,"Fields, Forces and Flows in Biological Systems"
20.38,Biological Engineering Design
20.39,Foundations of Computational and Systems Biology
20.201,Mechanisms of Drug Actions
20.203,Neurotechnology in Action
20.41,"Molecular, Cellular and Tissue Biomechanics (BE.410)"
20.42,Biomolecular Kinetics and Cellular Dynamics (BE.420)
20.44,Analysis of Biological Networks (BE.440)
20.441,Biomaterials-Tissue Interactions
20.45,Molecular and Cellular Pathophysiology (BE.450)
20.451,Design of Medical Devices and Implants
20.482,Foundations of Algorithms and Computational Techniques in Systems Biology
20.49,Foundations of Computational and Systems Biology
10.002,Introduction to Numerical Analysis for Engineering (13.002)
10.01,Introduction to Bioengineering (BE.010)
10.291,Introduction to Sustainable Energy
10.302,Transport Processes
10.32,Separation Processes
10.333,Introduction to Modeling and Simulation
10.37,Chemical and Biological Reaction Engineering
10.42,Molecular Aspects of Chemical Engineering
10.426,Electrochemical Energy Systems
10.442,Biochemical Engineering
10.467,Polymer ience Laboratory
10.49,Integrated Chemical Engineering I
10.34,Numerical Methods Applied to Chemical Engineering
10.4,Chemical Engineering Thermodynamics
10.52,Mechanics of Fluids
10.539,"Fields, Forces, and Flows in Biological Systems"
10.547,Principles and Practice of Drug Development
10.569,Synthesis of Polymers
10.626,Electrochemical Energy Systems
10.792,Proseminar in Manufacturing
1,Introduction to Computers and Engineering Problem Solving
1.01,Uncertainty in Engineering
1.018,Ecology I: The Earth System
1.02,Ecology II: Engineering for Sustainability
1.04,Proect Management
1.05,Solid Mechanics
1.051,Structural Engineering Design
1.06,Engineering Mechanics II
1.061,Transport Processes in the Environment
1.101,Introduction to Civil and Environmental Engineering Design I
1.151,Probability and Statistics in Engineering
1.201,Transportation Systems Analysis: Demand and Economics
1.203,Logistical and Transportation Planning Methods
1.258,Public Transportation Systems
1.26,Logistics Systems
1.322,Soil Behavior
1.463,The Impact of Globalization on the Built Environment
1.56,Structural Mechanics in Nuclear Power Technology
1.72,Groundwater Hydrology
1.76,Aquatic Chemistry
1.85,Water and Wastewater Treatment Engineering
6,Introduction to Computer ience and Programming
6.0001,Introduction to Computer ience and Programming in Python
6.0002,Introduction to Computational Thinking and Data ience
6.001,Structure and Interpretation of Computer Programs
6.002,Circuits and Electronics
6.003,Signals and Systems
6.004,Computation Structures
6.005,Software Construction
6.006,Introduction to Algorithms
6.01,Introduction to Electrical Engineering and Computer ience I
6.033,Computer System Engineering
6.034,Artificial Intelligence
6.035,Computer Language Engineering
6.041,Probabilistic Systems Analysis and Applied Probability
6.042,Mathematics for Computer ience
6.045,"Automata, Computability, and Complexity"
6.046,Design and Analysis of Algorithms
6.047,Computational Biology
6.1,Introduction to Programming and Computer ience
6.101,Fundamentals of Programming
6.102,Software Construction
6.12,Mathematics for Computer ience
6.189,A Gentle Introduction to Programming Using Python
6.83,Advances in Computer Vision
3,Thermodynamics of Materials
3.012,Fundamentals of Materials ience
3.021,Introduction to Modeling and Simulation
3.024,"Electronic, Optical and Magnetic Properties of Materials"
3.032,Mechanical Behavior of Materials
3.044,Materials Processing
3.052,Nanomechanics of Materials and Biomaterials
3.063,Polymer Physics
3.08,Economic & Environmental Issues in Materials Selection
3.091,Introduction to Solid State Chemistry
3.986,The Human Past: Introduction to Archaeology
3.11,Mechanics of Materials
3.2,Materials at Equilibrium (SMA 5111)
3.21,Kinetic Processes in Materials
3.22,Mechanical Behavior of Materials
3.32,Atomistic Computer Modeling of Materials (SMA 5107)
3.35,Fracture and Fatigue
3.43,Integrated Microelectronic Devices
3.53,Electrochemical Processing of Materials
3.6,"Symmetry, Structure, and Tensor Properties of Materials"
3.96,Biomaterials-Tissue Interactions
2.00A,"Exploring Sea, Space, & Earth: Fundamentals of Engineering Design"
2.00B,Toy Product Design
2.001,Mechanics & Materials I
2.003,Engineering Dynamics
2.004,Dynamics and Control II
2.006,Thermal Fluids Engineering II
2.007,Design and Manufacturing I
2.008,Design and Manufacturing II
2.011,Introduction to Ocean ience and Engineering
2.017,Design of Electromechanical Robotic Systems
2.06,Fluid Dynamics
2.086,Numerical Computation for Mechanical Engineers
2.12,Introduction to Robotics
2.6,Fundamentals of Advanced Energy Conversion
2.71,Optics
2.72,Elements of Mechanical Design
2.791,Quantitative Physiology: Cells and Tissues
2.96,Management in Engineering
2.032,Dynamics
2.08,Structural Mechanics
2.094,Finite Element Analysis of Solids and Fluids II
2.158,Computational Geometry
2.16,"Identification, Estimation, and Learning"
2.2,Marine Hydrodynamics (13.021)
2.25,Advanced Fluid Mechanics
2.29,Numerical Fluid Mechanics
2.5,Desalination and Water Purification
2.61,Internal Combustion Engines
2.737,Mechatronics
2.782,Design of Medical Devices and Implants
2.8,Tribology
2.852,Manufacturing Systems Analysis
22,Introduction to Modeling and Simulation
22.01,Introduction to Nuclear Engineering and Ionizing Radiation
22.012,Seminar: Fusion and Plasma Physics
22.02,Introduction to Applied Nuclear Physics
22.05,Neutron ience and Reactor Physics
22.058,Principles of Medical Imaging
22.06,Engineering of Nuclear Systems
22.081,Introduction to Sustainable Energy
22.091,Nuclear Reactor Safety
22.101,Applied Nuclear Physics
22.14,Materials in Nuclear Engineering
22.251,Systems Analysis of the Nuclear Fuel Cycle
22.312,Engineering of Nuclear Reactors
22.313,Thermal Hydraulics in Power Technology
22.314,Structural Mechanics in Nuclear Power Technology
22.38,"Probability And Its Applications To Reliability, Quality Control, And Risk Assessment"
22.51,Quantum Theory of Radiation Interactions
22.56,Noninvasive Imaging in Biology and Medicine
22.611,Introduction to Plasma Physics I
22.615,MHD Theory of Fusion Systems
22.812,Managing Nuclear Technology
21A.00,Introduction to Anthropology
21A.101,Identity and Difference
21A.112,Seminar in Ethnography and Fieldwork
21A.215,"Disease and Health: Culture, Society, and Ethics"
21A.219,Law and Society
21A.240,Race and ience
21A.303,Anthropology of Biology
21A.342,Environmental Struggles
21A.350,Cultures of Computing
21A.500,Technology and Culture
21A.850,The Anthropology of Cybercultures
21W.011,Writing and Rhetoric: Rhetoric and Contemporary Issues
21W.035,ience Writing and New Media
21W.732,Introduction to Technical Communication
21W.759,Writing ience Fiction
21W.777,The ience Essay
21W.785,Communicating in Cyberspace
CMS.100,Introduction to Media Studies
CMS.300,Introduction to Videogame Studies
CMS.361,Networked Social Movements: Media & Mobilization
CMS.608,Game Design
CMS.611,Creating Video Games
CMS.616,Games and Culture
CMS.801,Media in Transition
CMS.868,Games and Culture
14.01,Principles of Microeconomics
14.02,Principles of Macroeconomics
14.03,Microeconomic Theory and Public Policy
14.12,Economic Applications of Game Theory
14.27,Economics and E-Commerce
14.3,Introduction to Statistical Methods in Economics
14.32,Econometrics
14.41,Public Finance and Public Policy
14.42,Environmental Policy and Economics
14.44,Energy Economics
14.54,International Trade
14.73,The Challenge of World Poverty
14.75,Political Economy and Economic Development
14.121,Microeconomic Theory I
14.126,Game Theory
14.271,Industrial Organization I
14.381,Statistical Method in Economics
14.387,Applied Econometrics: Mostly Harmless Big Data
14.452,Economic Growth
14.461,Advanced Macroeconomics I
14.771,Development Economics: Microeconomic Issues and Policy Models
21G.019,Communicating Across Cultures
21G.027,Asia in the Modern World: Images & Representations
21G.035,Topics in Culture and Globalization
21G.049,French Photography
21G.052,French Film Classics
21G.101,Chinese I (Regular)
21G.102,Chinese II (Regular)
21G.301,French I
21G.401,German I
21G.501,apanese I
21G.701,Spanish I
21G.801,Portuguese I
21H.001,How to Stage a Revolution
21H.009,The World: 1400-Present
21H.101,American History to 1865
21H.102,The Emergence of Modern America 1865-Present
21H.185,Introduction to Environmental History
21H.207,The Energy Crisis: Past and Present
21H.223,War & American Society
21H.237,The City of Athens in the Age of Pericles
21H.343,Making Books: The Renaissance and Today
21H.346,"France, 1660-1815: Enlightenment, Revolution, Napoleon"
21H.421,Introduction to Environmental History
21H.931,Seminar in Historical Methods
21H.991,Theories and Methods in the Study of History
24,Problems in Philosophy
24.04,ustice
24.06,Bioethics
24.09,Minds and Machines
24.118,Paradox & Infinity
24.231,Ethics
24.235,Philosophy of Law
24.241,Logic I
24.251,Introduction to Philosophy of Language
24.9,Introduction to Linguistics
24.901,Language and Its Structure I: Phonology
24.902,Language and its Structure II: Syntax
24.903,Language and its Structure III: Semantics and Pragmatics
24.905,Psycholinguistics
24.5,Topics in Philosophy of Mind: Mental Content
24.951,Introduction to Syntax
24.961,Introduction to Phonology
21L.000,Writing About Literature
21L.002,Foundations of Western Culture: The Making of the Modern World
21L.004,Reading Poetry
21L.005,Introduction to Drama
21L.006,American Literature
21L.009,Shakespeare
21L.011,The Film Experience
21L.430,Popular Culture and Narrative
21L.449,End of Nature
21L.451,Introduction to Literary Theory
21L.460,Medieval Literature
21L.489,Interactive and Non-Linear Narrative
21L.501,The American Novel
21L.701,Literary Interpretation
21L.705,Maor Authors
21M.011,Introduction to Western Music
21M.030,Introduction to World Music
21M.051,Fundamentals of Music
21M.065,Introduction to Musical Composition
21M.295,American Popular Music
21M.301,Harmony and Counterpoint I
21M.361,Composing with Computers I (Electronic Music Composition)
21M.380,Music and Technology
21M.604,Playwriting I
21M.606,Introduction to Stagecraft
21M.710,ript Analysis
21M.734,Lighting Design for the Theatre
21M.785,Playwrights' Workshop
17.03,Introduction to Political Thought
17.2,Introduction to American Politics
17.3,Making Public Policy
17.32,Environmental Politics and Policy
17.4,"American Foreign Policy: Past, Present, Future"
17.42,Causes and Prevention of War
17.447,"Cyberpolitics in International Relations: Theory, Methods, Policy"
17.471,American National Security Policy
17.5,Introduction to Comparative Politics
17.561,European Politics
17.869,Political ience ope and Methods
17.1,Political Economy I
17.418,Field Seminar: International Relations Theory
17.588,Field Seminar in Comparative Politics
17.872,Quantitative Research in Political ience and Public Policy
STS.001,Technology in American History
STS.003,The Rise of Modern ience
STS.005,Disease and Society in America
STS.009,Evolution and Society
STS.010,Neuroience and Society
STS.034,ience Communication: A Practical Guide
STS.035,The History of Computing
STS.042,"Einstein, Oppenheimer, Feynman: Physics in the 20th Century"
STS.050,The History of MIT
STS.085,Ethics and the Law on the Electronic Frontier
STS.310,History of ience
STS.340,Introduction to the History of Technology
STS.420,The Structure of Engineering Revolutions
STS.462,Social and Political Implications of Technology
STS.471,Engineering Apollo: The Moon Proect as a Complex System
WGS.101,Introduction to Women's and Gender Studies
WGS.110,Sexual and Gender Identities
WGS.115,Gender and Technology
WGS.151,"Gender, Health, and Society"
WGS.161,Gender and the Law in U.S. History
WGS.301,Feminist Thought
WGS.615,Feminist Inquiry: Strategies for Effective holarship
WGS.640,"Gender, Race, and the Construction of the American West"
7.01,Fundamentals of Biology
7.012,Introduction to Biology
7.016,Introductory Biology
7.03,Genetics
7.06,Cell Biology
7.08,Biological Chemistry II
7.28,Molecular Biology
7.29,Cellular Neurobiology
7.32,Systems Biology
7.36,Foundations of Computational and Systems Biology
7.51,Graduate Biochemistry
7.6,Cell Biology: Structure and Functions of the Nucleus
7.81,Systems Biology
7.88,Protein Folding and Human Disease
7.91,Foundations of Computational and Systems Biology
9,Introduction to Psychology
9.01,Introduction to Neuroience
9.07,Statistical Methods in Brain and Cognitive ience
9.09,Cellular Neurobiology
9.1,Cognitive Neuroience
9.14,Brain Structure and Its Origins
9.17,Systems Neuroience Lab
9.29,Introduction to Computational Neuroience
9.57,Language Acquisition
9.59,Psycholinguistics
9.7,Social Psychology
9.011,The Brain and Cognitive iences I
9.013,Cell and Molecular Neurobiology
9.52,Statistical Learning Theory and Applications
9.611,Natural Language and the Computer Representation of Knowledge
9.641,Introduction to Neural Networks
5.04,Principles of Inorganic Chemistry II
5.08,Biological Chemistry II
5.111,Principles of Chemical ience
5.12,Organic Chemistry I
5.13,Organic Chemistry II
5.301,Chemistry Laboratory Techniques
5.31,Laboratory Chemistry
5.6,Thermodynamics & Kinetics
5.61,Physical Chemistry
5.05,Principles of Inorganic Chemistry III
5.44,Organometallic Chemistry
5.512,Synthetic Organic Chemistry II
5.72,Statistical Mechanics
5.73,Introductory Quantum Mechanics I
5.8,Small-Molecule Spectroopy and Dynamics
12,Solving Complex Problems
12.001,Introduction to Geology
12.003,"Atmosphere, Ocean and Climate Dynamics"
12.007,Geobiology
12.102,Environmental Earth ience
12.301,Climate Physics and Chemistry
12.34,Global Warming ience
12.4,The Solar System
12.402,Introduction to Astronomy
12.425,Extrasolar Planets: Physics and Detection Techniques
12.51,Introduction to Seismology
12.52,Geodynamics
12.74,Paleoceanography
12.8,Fluid Dynamics of the Atmosphere and Ocean
12.81,Dynamics of the Atmosphere
12.848,"Global Climate Change: Economics, ience, and Policy"
18.01,Single Variable Calculus
18.02,Multivariable Calculus
18.03,Differential Equations
18.04,Complex Variables with Applications
18.05,Introduction to Probability and Statistics
18.06,Linear Algebra
18.062,Mathematics for Computer ience
18.100A,Introduction to Analysis
18.303,Linear Partial Differential Equations
18.31,Principles of Direte Applied Mathematics
18.33,Introduction to Numerical Analysis
18.4,"Automata, Computability, and Complexity"
18.44,Probability and Random Variables
18.7,Linear Algebra
18.701,Algebra I
18.781,Theory of Numbers
18.901,Introduction to Topology
18.S096,Topics in Mathematics with Applications in Finance
18.085,Computational ience and Engineering I
18.125,Measure and Integration
18.152,Introduction to Partial Differential Equations
18.175,Theory of Probability
18.335,Introduction to Numerical Methods
18.337,Parallel Computing
18.404,Theory of Computation
18.415,Advanced Algorithms
18.435,Quantum Computation
18.657,Mathematics of Machine Learning
18.705,Commutative Algebra
18.725,Algebraic Geometry
18.785,Number Theory I
18.905,Algebraic Topology
18.965,Geometry of Manifolds
8.01,Classical Mechanics
8.02,Physics II: Electricity and Magnetism
8.03,Physics III: Vibrations and Waves
8.033,Relativity
8.04,Quantum Physics I
8.044,Statistical Physics I
8.05,Quantum Physics II
8.06,Quantum Physics III
8.2,Introduction to Special Relativity
8.21,The Physics of Energy
8.224,Exploring Black Holes: General Relativity & Astrophysics
8.251,String Theory for Undergraduates
8.282,Introduction to Astronomy
8.286,The Early Universe
8.311,Electromagnetic Theory
8.321,Quantum Theory I
8.323,Relativistic Quantum Field Theory I
8.333,Statistical Mechanics I: Statistical Mechanics of Particles
8.421,Atomic and Optical Physics I
8.511,Theory of Solids I
8.591,Systems Biology
8.592,Statistical Physics in Biology
8.701,Introduction to Nuclear and Particle Physics
8.821,String Theory
8.851,Effective Field Theory
8.901,Astrophysics I
8.962,General Relativity
15.031,"Energy Decisions, Markets, and Policies"
15.053,Optimization Methods in Management ience
15.075,Statistical Thinking and Data Analysis
15.279,Management Communication for Undergraduates
15.301,Managerial Psychology
15.501,Introduction to Financial and Managerial Accounting
15.772,D-Lab: Supply Chains
15.01,Economic Analysis for Business Decisions
15.024,Applied Economics for Managers
15.025,Game Theory for Strategic Advantage
15.06,"Data, Models, and Decisions"
15.062,Data Mining
15.081,Introduction to Mathematical Programming
15.22,Global Strategy and Organization
15.311,Organizational Processes
15.351,Managing Innovation and Entrepreneurship
15.358,The Software Business
15.39,New Enterprises
15.401,Finance Theory I
15.414,Financial Management
15.431,Entrepreneurial Finance
15.433,Investments
15.511,Financial Accounting
15.518,Taxes and Business Strategy
15.665,Power and Negotiation
15.760A,Operations Management
15.77,Logistics Systems
15.783,Product Design and Development
15.81,Marketing Management
15.818,Pricing
15.871,Introduction to System Dynamics
15.902,Strategic Management I
15.912,Technology Strategy
15.S12,Blockchain and Money
15.S21,Nuts and Bolts of Business Plans
PE.210,UBA
PE.550,Designing Your Life
PE.710,Tennis
PE.720,Weight Training
PE.730,Archery
PE.740,Fencing
PE.810,Sailing
PE.910,Physical Intelligence
PE.920,PE for ME
CC.111,Modern Conceptions of Freedom
CC.112,Philosophy of Love
CC.120,Making Books: The Renaissance and Today
CC.S10,History and Philosophy of Mechanics: Newton's Principia Mathematica
CC.S10,Prohibition and Permission
EC.050,Recreate Experiments from History
EC.210,"Visualization for Mathematics, ience, and Technology Education"
EC.701,D-Lab I: Development
EC.710,D-Lab: Medical Technologies for the Developing World
EC.711,D-Lab: Energy
EC.715,D-Lab: Disseminating Innovations for the Common Good
EC.716,D-Lab: Waste
EC.720,D-Lab II: Design
EC.721,Wheelchair Design in Developing Countries
EC.722,Special Topics: Developing World Prosthetics
EC.S06,Practical Electronics
EC.S07,Photovoltaic Solar Energy Systems
EC.421,X PRIZE Workshop: Grand Challenges in Energy
ESD.00,Introduction to Engineering Systems
ESD.051,Engineering Innovation and Design
ESD.62,Introduction to Lean Six Sigma Methods
ESD.10,Introduction to Technology and Policy
ESD.33,Systems Engineering
ESD.34,System Architecture
ESD.36,System Proect Management
ESD.60,Lean/Six Sigma Processes
ESD.71,Engineering Systems Analysis for Design
ESD.72,Engineering Risk-Benefit Analysis
ESD.77,Multidiiplinary System Design Optimization
ESD.83,Doctoral Seminar in Engineering Systems
ESD.864,Modeling and Assessment for Policy
ESD.932,Engineering Ethics
ES.010,Chemistry of Sports
ES.113,Ancient Greek Philosophy and Mathematics
ES.114,Non-violence as a Way of Life
ES.1803,Differential Equations
ES.240,Composing Your Life: Exploration of Self through Visual Arts and Writing
ES.255,Physics of Rock Climbing
ES.258,"GÃ¶del, Eher, Bach"
ES.268,The Mathematics in Toys and Games
ES.287,Kitchen Chemistry
ES.293,Lego Robotics
ES.S10,Drugs and the Brain
ES.S41,Speak Italian With Your Mouth Full
ES.S60,The Art and ience of Happiness
HST.410,Proects in Microale Engineering for the Life iences
HST.422,A Clinical Approach to the Human Brain
HST.541,Quantitative Physiology: Cells and Tissues
HST.542,Quantitative Physiology: Organ Transport Systems
HST.021,Muuloskeletal Pathophysiology
HST.035,Principle and Practice of Human Pathology
HST.121,Gastroenterology
HST.151,Principles of Pharmacology
HST.176,Cellular and Molecular Immunology
HST.452,Statistical Physics in Biology
HST.506,Foundations of Computational and Systems Biology
HST.508,Genomics and Computational Biology
HST.512,Genomic Medicine
HST.515,Aerospace Biomedical and Life Support Engineering
HST.522,Biomaterials-Tissue Interactions
HST.524,Design of Medical Devices and Implants
HST.535,Tissue Engineering and Organ Regeneration
HST.582,Biomedical Signal and Image Processing
HST.583,Functional Magnetic Resonance Imaging: Data Acquisition and Analysis
HST.950,Medical Computing
HST.952,Computing for Biomedical ientists
RES.6-007,Signals and Systems
RES.6-012,Introduction to Probability
RES.16-002,How to CAD Almost Anything
RES.TLL-008,Social and Ethical Responsibilities of Computing (SERC)
